<?xml version="1.0"?>
<!DOCTYPE hibernate-mapping PUBLIC "-//Hibernate/Hibernate Mapping DTD 3.0//EN"
"http://www.hibernate.org/dtd/hibernate-mapping-3.0.dtd">
<!-- Generated 30-mar-2016 13:03:38 by Hibernate Tools 4.3.1 -->
<hibernate-mapping>
    <class name="model.Parameter" table="parameter" catalog="spark" optimistic-lock="version">
        <id name="idPar" type="java.lang.Integer">
            <column name="id_par" />
            <generator class="identity" />
        </id>
        <many-to-one name="algorithm" class="model.Algorithm" fetch="select">
            <column name="id_alg_par" not-null="true" />
        </many-to-one>
        <property name="namePar" type="string">
            <column name="name_par" length="250" not-null="true" />
        </property>
        <property name="typePar" type="string">
            <column name="type_par" length="250" not-null="true" />
        </property>
    </class>
</hibernate-mapping>
